nome_curso;modalidade_ensino;ingressantes_2009;ingressantes_2010;ingressantes_2011;ingressantes_2012;ingressantes_2013;ingressantes_2014;ingressantes_2015;ingressantes_2016;ingressantes_2017;ingressantes_2018;concluintes_2009;concluintes_2010;concluintes_2011;concluintes_2012;concluintes_2013;concluintes_2014;concluintes_2015;concluintes_2016;concluintes_2017;concluintes_2018;taxa_conclusao_2014;taxa_evasao_2014;taxa_conclusao_2015;taxa_evasao_2015;taxa_conclusao_2016;taxa_evasao_2016;taxa_conclusao_2017;taxa_evasao_2017;taxa_conclusao_2018;taxa_evasao_2018;taxa_conclusao_2019;taxa_evasao_2019;taxa_conclusao_2020;taxa_evasao_2020;taxa_conclusao_2021;taxa_evasao_2021;taxa_conclusao_2022;taxa_evasao_2022;taxa_conclusao_2023;taxa_evasao_2023;taxa_conclusao_2024;taxa_evasao_2024
DIREITO;Presencial;158783.0;184078.0;186389.0;214169.0;225429.0;247369.0;246764.0;242157.0;252716.0;240339.0;72918.0;84404.0;88661.0;91109.0;89665.0;91273.0;99386.0;102596.0;108780.0;121064.0;0.5748285395791741;0.4251714604208259;0.5399124284270799;0.46008757157292013;0.5504402083813958;0.44955979161860415;0.5079166452661216;0.49208335473387843;0.5370382692555083;0.46296173074449165;;;;;;;;;;;;
